Granted Powers,Description
Lightning Arc (Sp),"As a standard action, you can unleash an arc of electricity targeting any foe within 30 feet as a ranged touch attack. This arc of electricity deals 1d6 points of electricity damage + 1 point for every two cleric levels you possess. You can use this ability a number of times per day equal to 3 + your Wisdom modifier.",
Electricity Resistance (Ex),"At 6th level, you gain resist electricity 10. This resistance increases to 20 at 12th level. At 20th level, you gain immunity to electricity.",
Thundercloud (Su),"At 8th level, you can, as a standard action, summon a storm cloud. This power functions as fog cloud except that creatures inside the cloud are deafened and take 2d6 points of electricity damage each round from the flashes of thunder and lightning. Once created, you can concentrate on the cloud to move it up to 30 feet each round. You can use this ability for a number of rounds per day equal to your cleric level. These rounds do not need to be consecutive.",
Wind Blast (Su),"As a standard action, you can unleash a blast of air in a 30-foot line. Make a combat maneuver check against each creature in the line, using your caster level as your base attack bonus and your Wisdom modifier in place of your Strength modifier. Treat the results as a bull rush attempt. You can use this ability a number of times per day equal to 3 + your Wisdom modifier.",
Speak with Animals (Sp),"You can speak with animals, as per the spell, for a number of rounds per day equal to 3 + your cleric level.",
Animal Companion (Ex),"At 4th level, you gain the service of an animal companion. Your effective druid level for this animal companion is equal to your cleric level – 3. (Druids who take this ability through their nature bond class feature use their druid level – 3 to determine the abilities of their animal companions)."
Eyes of the Hawk (Ex),"You gain a racial bonus on Perception checks equal to 1/2 your cleric level (minimum +1). In addition, if you can act during a surprise round, you receive a +2 racial bonus on your Initiative check.",
Predator’s Grace (Su),"You can, as a swift action, grant yourself a +10-foot bonus to your base speed for 1 round. This bonus increases by 5 feet for every 5 cleric levels you possess. In addition, you gain low-light vision for 1 round. If you already possess low-light vision, the range of your sight becomes three times that of a human in dim light for 1 round. You can use this ability a number of times per day equal to 3 + your Wisdom modifier.",
Artificer's Touch (Sp),"You can cast mending at will, using your cleric level as the caster level to repair damaged objects. In addition, you can cause damage to objects and construct creatures by striking them with a melee touch attack. Objects and constructs take 1d6 points of damage +1 for every two cleric levels you possess. This attack bypasses an amount of damage reduction and hardness equal to your cleric level. You can use this ability a number of times per day equal to 3 + your Wisdom modifier."
Dancing Weapons (Su),"At 8th level, you can give a weapon touched the dancing special weapon quality for 4 rounds. You can use this ability once per day at 8th level, and an additional time per day for every four levels beyond 8th."
Animate Servant (Su),"At 8th level, as a standard action, you can give life to inanimate objects. This ability functions as animate objects using your cleric level as the caster level. You can use this ability once per day at 8th level, and one additional time per day for every four levels beyond 8th.",
Aura of Efficiency (Su),"At 8th level, you can emit a 30-foot-radius aura that grants your allies a +4 bonus on all saving throws against effects that inflict the fatigued or exhausted condition. Any equipment wielded by your allies within this area gets a bonus to hardness equal to 1/2 your cleric level, and your allies' attacks against targets within this area ignore an equal amount of hardness. You can use this aura for a number of rounds per day equal to your cleric level. These rounds do not need to be consecutive.",
Aura of Repetition (Su),"At 8th level, you can emit a 30- foot aura of repetition for a number of rounds per day equal to your cleric level. All enemies within this aura must make a Will save each round or repeat their action from the previous round (if possible). Creatures that attacked on the previous round attack again on the following round, although they may change their target. Creatures that moved the previous round must take the same move action again, although they may change their route. Creatures that drank a potion must do so again, even they can only drink from an empty bottle. Actions that cannot be repeated are wasted. These rounds do not need to be consecutive.",
Supernatural Trap (Su),"At 8th level, select a supernatural ranger trap. You can use this trap a number of times per day equal to your Wisdom bonus. The DCs for Perception checks, Disable Device checks, and saving throws against the trap are equal to 10 + 1/2 your character level + your Wisdom bonus. The trap lasts for 1 hour or until triggered.",
Touch of Chaos (Sp),"You can imbue a target with chaos as a melee touch attack. For the next round, anytime the target rolls a d20, he must roll twice and take the less favorable result. You can use this ability a number of times per day equal to 3 + your Wisdom modifier.",
Chaos Blade (Su),"At 8th level, you can give a weapon touched the anarchic special weapon quality for a number of rounds equal to 1/2 your cleric level. You can use this ability once per day at 8th level, and an additional time per day for every four levels beyond 8th.",
Elysium’s Call (Su),"With a touch, you can imbue creatures with the spirit of Elysium, lifting their spirits and freeing them from bonds. The creatures touched can immediately reroll any failed saving throws against spells and spell-like abilities of the enchantment (charm) and enchantment (compulsion) subschools. In addition, targets receive a +2 sacred bonus on such saving throws and a +2 sacred bonus on CMB checks to escape a grapple. Finally, targets can ignore up to 5 feet of difficult terrain each round, as if they had the Nimble Moves feat. These bonuses last for a number of rounds equal to 1/2 your cleric level (minimum 1), although the saving throw reroll only applies when the creature is touched. You can use this ability for a number of rounds per day equal to 3 + your Wisdom modifier.",
Faith-Stealing Strike (Su),"You can make a single melee attack using your highest base attack bonus against a creature capable of casting divine spells. If you damage the creature, it must succeed at a Will save (DC = 10 + 1/2 your cleric level + your Wisdom modifier) or be unable to cast any divine spells for 1 round. If you do not damage your target with the attack, this ability is expended with no effect. You can use this ability a number of times per day equal to 3 + your Wisdom modifier.",
Fury of the Abyss (Su),"As a swift action, you can give yourself an enhancement bonus equal to 1/2 your cleric level (minimum +1) on melee attacks, melee damage rolls, and combat maneuver checks. This bonus lasts for 1 round. During this round, you take a –2 penalty to AC. You can use this ability for a number of times per day equal to 3 + your Wisdom modifier.",
Hasten the End (Su),"At 8th level, as an immediate action upon successfully hitting an opponent with a melee attack, you reduce the remaining duration of all beneficial magical effects currently affecting the target by 1 round, minute, hour, or day—whichever measurement is used to determine the duration of each particular magical effect. You can use this ability once per day at 8th level, and an additional time per day for every 4 levels beyond 8th.",
Aura of Chaos (Su),"At 8th level, you can surround yourself with a field wild energies. These energies manifest as a 30-foot aura of chaos for a number of rounds per day equal to your cleric level. All enemies within this aura must declare one type of action at the start of their turn (attack, cast a spell, move, use an item, or activate a special ability) and make a Will save. Creatures that fail the Will save must take an action other than their declared action. If they succeed, they must take the declared action. Creatures cannot select actions that they cannot perform.",
Intense Celebration (Su),"At 8th level, any spells you cast that confer a morale effect upon you or your allies are automatically affected as if by the Extend Spell metamagic feat, with no increase in spell level.",
Aura of Bedlam (Su),"At 8th level, you can emit a 30-foot-radius aura of chaos and strife for 1 round per cleric level. Enemies in the aura take a –4 penalty on concentration checks and are treated as experiencing vigorous motion (concentration DC = 10 + spell level) when attempting to cast spells. This penalty increases by 1 for every 2 cleric levels you have beyond 8th.",
Unexpected Whimsy (Su),"As a standard action, you dance, act like a buffoon, or commit some other act of whimsy. When you do, enemies within 30 feet of you that can see and hear you must succeed a Will saving throw (DC = 10 + 1/2 your cleric level + half your Wisdom modifier) or they collapse into gales of manic laughter, falling prone. Those who fail their saving throws can take no actions other than laughing for 1 round, but are not considered helpless. You can use this ability once per day at 8th level and one additional time for every 4 levels you possess beyond 8th.",
Dazing Touch (Sp),"You can cause a living creature to become dazed for 1 round as a melee touch attack. Creatures with more Hit Dice than your cleric level are unaffected. You can use this ability a number of times per day equal to 3 + your Wisdom modifier.",
Charming Smile (Sp),"At 8th level, you can cast charm person as a swift action, with a DC of 10 + 1/2 your cleric level + your Wisdom modifier. You can only have one creature charmed in this way at a time. The total number of rounds of this effect per day is equal to your cleric level. The rounds do not need to be consecutive, and you can dismiss the charm at any time as a free action. Each attempt to use this ability consumes 1 round of its duration, whether or not the creature succeeds on its save to resist the effect.",
Adoration (Su)," As an immediate action, you can attempt to thwart a melee or ranged attack that targets you. This ability functions as sanctuary, but only against one individual attack. You must use the ability after the attack is declared but before the roll is made. The creature attacking you receives a Will save to negate this effect. If a creature has more than one attack, this ability only affects one of the attacks. You can use the ability a number of times per day equal to 3 + your Wisdom modifier. This is a mind-affecting effect.",
Anything to Please (Su),"At 8th level, you can compel a creature within 30 feet to attempt to please you as a standard action. The creature receives a Will save to negate this affect. If the save fails, the creature attacks your enemies for 1 round, gives you its most valuable item, or drops prone at your feet and grovels for 1d4 rounds (GM’s choice). You can use this ability once per day at 8th level and one additional time per day for every four levels beyond 8th. This is a mind-affecting effect.",
Calming Touch (Sp)," You can touch a creature as a standard action to heal it of 1d6 points of nonlethal damage + 1 point per cleric level. This touch also removes the fatigued, shaken, and sickened conditions (but has no effect on more severe conditions). You can use this ability a number of times per day equal to 3 + your Wisdom modifier.",
Unity (Su),"At 8th level, whenever a spell or effect targets you and one or more allies within 30 feet, you can use this ability to allow your allies to use your saving throw against the effect in place of their own. Each ally must decide individually before the rolls are made. Using this ability is an immediate action. You can use this ability once per day at 8th level, and one additional time per day for every four cleric levels beyond 8th.",
Synergistic Touch (Sp),"You can touch a creature as a standard action to confer upon it the benefits of any one Teamwork feat that you possess. This effect persists for a number of rounds equal to 1/2 your cleric level (minimum 1). You can use this ability a number of times per day equal to 3 + your Wisdom modifier.",
Teaching Moment (Su),"At 8th level, when you or an ally within 30 feet rolls a natural 1 or a natural 20 on an attack roll, an ability check, a skill check, or a saving throw, as an immediate action you can grant all allies within 30 feet special insights that help them overcome similar challenges. Once during the next minute, each affected creature can choose to roll twice and take the better result before attempting an attack roll, ability check, skill check, or saving throw. You can use this ability once per day at 8th level, and one additional time per day for every 4 cleric levels beyond 8th.",
Binding Ties (Su),"As a standard action, you can touch an ally and remove one condition affecting the ally by transferring it to yourself. This transfer lasts a number of rounds equal to your cleric level, but you can end it as a free action on your turn. At the end of this effect, the condition reverts to the original creature, unless it has ended or is removed by another effect. While this power is in use, the target is immune to the transferred condition. You can use this ability a number of times per day equal to 3 + your Wisdom modifier.",
Guarded Hearth (Su),"At 8th level, you can create a ward that protects a specified area. Creating this ward takes 10 minutes of uninterrupted work. This ward has a maximum radius of 5 feet per 2 cleric levels you possess. When the ward is completed, you designate any number of creatures inside its area. Should any other creature enter the warded area, all of the selected creatures are immediately alerted (and awoken if they were asleep). The designated creatures also receive a sacred bonus equal to your Wisdom modifier on all saving throws and attack rolls while inside the warded area. This ward immediately ends if you leave the area. The ward lasts for 1 hour per cleric level. You can use this ability once per day.",
Touch of Darkness (Sp),"As a melee touch attack, you can cause a creature's vision to be fraught with shadows and darkness. The creature touched treats all other creatures as if they had concealment, suffering a 20% miss chance on all attack rolls. This effect lasts for a number of rounds equal to 1/2 your cleric level (minimum 1). You can use this ability a number of times per day equal to 3 + your Wisdom modifier."
Eyes of Darkness (Su),"At 8th level, your vision is not impaired by lighting conditions, even in absolute darkness and magic darkness. You can use this ability for a number of rounds per day equal to 1/2 your cleric level. These rounds do not need to be consecutive.",
Aura of Forgetfulness (Su),"At 8th level, you can emit a 30- foot aura of forgetfulness for a number of rounds per day equal to your cleric level. Creatures you target in this area must make a Will save or have no memory of any time spent inside the area. In addition, spellcasters in the area lose one prepared spell or available spell slot per round spent in the area, starting with 1st-level spells and going up through higher-level spells. Spellcasters are allowed a save each round to negate this loss (this save is separate from the memory loss save). These rounds do not need to be consecutive.",
Moonfire (Su),"At 8th level, as a standard action you can shoot a blast of divine moonlight from your eyes, as a ranged touch attack against a single target within 30 feet. Moonfire deals 1d8 points of damage per 2 cleric levels, and the target is dazzled for 1 round per cleric level. Moonfire deals 1d10 points of damage per cleric level against lycanthropes. You can use this ability once per day at 8th level, and one additional time per day for every 4 levels beyond 8th.",
Night Hunter (Su),"As a standard action, you can blend into the shadows of the night, becoming nearly invisible. As long as you are in an area of dim light or darkness, you are invisible (as per invisibility) to creatures without darkvision. This ability lasts for a number of rounds equal to 1/2 your cleric level (minimum 1). You can use this ability for a number of times per day equal to 3 + your Wisdom modifier.",
Bleeding Touch (Sp),"As a melee touch attack, you can cause a living creature to take 1d6 points of damage per round. This effect persists for a number of rounds equal to 1/2 your cleric level (minimum 1) or until stopped with a DC 15 Heal check or any spell or effect that heals damage. You can use this ability a number of times per day equal to 3 + your Wisdom modifier.",
Death's Embrace (Ex),"At 8th level, you heal damage instead of taking damage from channeled negative energy. If the channeled negative energy targets undead, you heal hit points just like undead in the area.",
Killing Blow (Su),"At 8th level, weapons you use become infused with the power of death. Whenever you confirm a critical hit with a melee or ranged weapon, your attack deals an additional amount of bleed damage equal to half your cleric level. You can use this ability once per day at 8th level, plus one additional time per day for every four levels beyond 8th.",
Touch of Virulence (Su),"As a standard action, you can touch a diseased creature and exacerbate its condition. If it fails a Fortitude save (DC = 10 + 1/2 your cleric level + your Wisdom modifier), the creature takes damage as though it had failed its Fortitude save against the disease and any remaining onset time for the disease ends. You can use this ability once per day at 8th level, plus one additional time per day at 14th level and 20th level.",
Spirit Touch (Su),"At 6th level, as a swift action, you can give your natural weapons or any weapons you wield the ghost touch weapon special ability. You can use this power a number of rounds per day equal to your cleric level. These rounds need not be consecutive.",
Death’s Kiss (Su),"You can cause a creature to take on some of the traits of the undead with a melee touch attack. Touched creatures are treated as undead for the purposes of effects that heal or cause damage based on positive and negative energy. This effect lasts for a number of rounds equal to 1/2 your cleric level (minimum 1). It does not apply to the Turn Undead or Command Undead feats. You can use this ability a number of times per day equal to 3 + your Wisdom modifier.",
Destructive Smite (Su),"You gain the destructive smite power: the supernatural ability to make a single melee attack with a morale bonus on damage rolls equal to 1/2 your cleric level (minimum 1). You must declare the destructive smite before making the attack. You can use this ability a number of times per day equal to 3 + your Wisdom modifier.",
Destructive Aura (Su),"At 8th level, you can emit a 30-foot aura of destruction for a number of rounds per day equal to your cleric level. All attacks made against targets in this aura (including you) gain a morale bonus on damage equal to 1/2 your cleric level and all critical threats are automatically confirmed. These rounds do not need to be consecutive.",
Deadly Weather (Su),"At 8th level, you can unleash a furious call to the heavens, summoning forth an everchanging storm of destruction for a number of rounds per day equal to your cleric level. This storm has a radius of 5 feet per cleric level. Each round, the storm has one of the following effects: driving rain (–4 on all Perception checks and ranged attack rolls), howling winds (–8 on Fly skill checks and ranged attack rolls), heavy snow (all terrain is considered difficult), or lightning bolt (as call lightning). Other effects depending on the weather might also apply (at the GM’s discretion). You choose which effect takes place each round, but no effect may be repeated on the following round. These rounds do not need to be consecutive.",
Hateful Aura (Su),"At 8th level, you can emit a 30-foot aura of hatred for a number of rounds per day equal to your cleric level. These rounds need not be consecutive. Enemies within this aura must attempt a Will save (DC = 10 + 1/2 your cleric level + your Wisdom modifier). Characters who fail their save are filled with hatred, and cannot consider other characters allies for the purpose of any actions or use any teamwork feats. The effect ends immediately if the creature leaves the aura, you end the aura as a free action, or you expend all rounds of this ability.",
Rage (Su),"At 8th level, you can enter a fearsome rage, like a barbarian, for a number of rounds per day equal to your cleric level. At 12th and 16th level, you can select one rage power. You cannot select any rage power that possesses a level requirement, but otherwise your barbarian level is equal to 1/2 your cleric level. These rounds of rage stack with any rounds of rage you might have from levels of barbarian.",
Painful Smite (Su),"Prior to making a melee attack roll, you can choose to convert all damage from that strike into nonlethal damage, adding your Wisdom modifier to the damage. If you succeed in your attack, as a free action you can make an Intimidate check against your target to demoralize the target. You gain a bonus on your Intimidate check equal to the amount of nonlethal damage dealt by the painful smite. You can use this ability a number of times per day equal to 3 + your Wisdom modifier.",
Acid Dart (Sp),"As a standard action, you can unleash an acid dart targeting any foe within 30 feet as a ranged touch attack. This acid dart deals 1d6 points of acid damage + 1 point for every two cleric levels you possess. You can use this ability a number of times per day equal to 3 + your Wisdom modifier.",
Acid Resistance (Ex),"At 6th level, you gain resist acid 10. This resistance increases to 20 at 12th level. At 20th level, you gain immunity to acid.",
Tunnel Runner (Su),"At 8th level, you can move through tunnels and caves with ease. Activating this ability is a standard action. You can move across any stone surface as if under the effects of spider climb. You can also see very well in darkness, gaining darkvision out to a range of 60 feet. If you already possess darkvision, extend the range by 60 feet. While underground, you also gain an insight bonus equal to your cleric level on Stealth skill checks and an insight bonus equal to your Wisdom modifier on initiative checks. You can use this ability for 1 minute per day per cleric level you possess. These minutes do not need to be consecutive, but they must be spent in 1-minute increments.",
Metal Fist (Su),"As a swift action, you can turn your fists into metal for 1 round, allowing you to make unarmed strikes that deal 1d6 points of bludgeoning damage plus your Strength modifier. These unarmed strikes do not provoke attacks of opportunity, but attacking with both uses the two-weapon fighting rules as normal. In addition, these unarmed strikes ignore the hardness of items with a hardness of 10 or less. You can use this ability a number of times per day equal to 3 + your Wisdom modifier.",
Radiating Touch (Su),"As a standard action that provokes attacks of opportunity, you can irradiate any unattended object for a number of rounds equal to your cleric level. While an object is irradiated, it emits a faint aura of transmutation. Any creature that passes within 5 feet of the aura must succeed at a Will save (DC equal to 10 + 1/2 your cleric level + your Wisdom modifier) or become sickened. You're immune to this object's effect. You can use this ability a number of times per day equal to 3 + your Wisdom modifier.",
Touch of Evil (Sp),"You can cause a creature to become sickened as a melee touch attack. Creatures sickened by your touch count as good for the purposes of spells with the evil descriptor. This ability lasts for a number of rounds equal to 1/2 your cleric level (minimum 1). You can use this ability a number of times per day equal to 3 + your Wisdom modifier.",
Scythe of Evil (Su),"At 8th level, you can give a weapon touched the unholy special weapon quality for a number of rounds equal to 1/2 your cleric level. You can use this ability once per day at 8th level, and an additional time per day for every four levels beyond 8th.",
Consume the Enemy (Su),"As a full-round action that is considered an evil act and provokes attacks of opportunity, you can bite a helpless living or freshly killed creature, dealing 1d3 points of damage. By consuming the creature's flesh, you gain a +1 profane bonus on saving throw DCs for all spells, spell-like abilities, and supernatural abilities you use against creatures of the same type (and subtype, if humanoid or outsider) as the cannibalized creature. This effect lasts for a number of minutes equal to 1/2 your cleric level or until you use this ability against a different creature. At 5th, 10th, 15th, and 20th level, this bonus increases by 1 (+5 maximum). You can use this ability a number of times per day equal to 3 + your Wisdom modifier.",
Spark Malfeasance (Su),"At 8th level, you can awaken the sinful desires of a target within 30 feet with a ranged touch attack. The target suffers extreme guilt and is sickened for a number of rounds equal to 1/2 your cleric level. To end the effect earlier, the target can willingly commit an evil act (if it is of good alignment) or attempt a Will save (DC = 10 + 1/2 your cleric level + your Wisdom modifier) at the beginning of its turn each round. Creatures that succeed at their saving throws are immune to this ability for 24 hours. You can use this ability once per day at 8th level, and an additional time per day for every 4 levels beyond 8th.",
Whispering Evil (Su),"At 8th level, as a standard action, you can whisper a hypnotizing litany of empty promises. Each enemy within a 30-foot emanation that can hear you must succeed on a Will saving throw or become fascinated for as long as you continue the litany. You can use this power a number of rounds per day equal to your cleric level, but these rounds do not need to be consecutive. This is a mind-affecting effect.,"
Faith-Stealing Strike (Su),"You can make a single melee attack using your highest base attack bonus against a creature capable of casting divine spells. If you damage the creature, it must succeed at a Will save (DC = 10 + 1/2 your cleric level + your Wisdom modifier) or be unable to cast any divine spells for 1 round. If you do not damage your target with the attack, this ability is expended with no effect. You can use this ability a number of times per day equal to 3 + your Wisdom modifier.",
Fury of the Abyss (Su),"As a swift action, you can give yourself an enhancement bonus equal to 1/2 your cleric level (minimum +1) on melee attacks, melee damage rolls, and combat maneuver checks. This bonus lasts for 1 round. During this round, you take a –2 penalty to AC. You can use this ability for a number of times per day equal to 3 + your Wisdom modifier.",
Hell’s Corruption (Su),"You can cause a creature to become more susceptible to corruption as a melee touch attack. Creatures touched take a –2 penalty on all saving throws and must roll all opposed skill checks twice, taking the worse result. This effect lasts for a number of rounds equal to 1/2 your cleric level (minimum 1). You can use this ability for a number of times per day equal to 3 + your Wisdom modifier.",
Feed on Fear (Su),"At 8th level, as an immediate action upon successfully hitting a creature with a melee attack that's already suffering from a fear effect, you deal 2d6 extra points of damage and gain that amount in temporary hit points. These temporary hit points last for 24 hours or until lost. You can use this ability once per day at 8th level, and an additional time per day for every 4 levels beyond 8th.,"
Pain Is Power (Su),"At 8th level, after taking damage from any source, you may attempt a DC 25 concentration check as an immediate action. If you succeed, you gain the benefits of a blessing of fervor spell for a number of rounds equal to 1/2 your cleric level. If you fail, this ability is expended with no effect. You can use this ability once at 8th level, plus an additional time for every 4 levels you are beyond 8th.",
Touch of Virulence (Su),"As a standard action, you can touch a diseased creature and exacerbate its condition. If it fails a Fortitude save (DC = 10 + 1/2 your cleric level + your Wisdom modifier), the creature takes damage as though it had failed its Fortitude save against the disease and any remaining onset time for the disease ends. You can use this ability once per day at 8th level, plus one additional time per day at 14th level and 20th level.",
Fire Bolt (Sp),"As a standard action, you can unleash a scorching bolt of divine fire from your outstretched hand. You can target any single foe within 30 feet as a ranged touch attack with this bolt of fire. If you hit the foe, the fire bolt deals 1d6 points of fire damage + 1 point for every two cleric levels you possess. You can use this ability a number of times per day equal to 3 + your Wisdom modifier.",
Fire Resistance (Ex),"At 6th level, you gain resist fire 10. This resistance increases to 20 at 12th level. At 20th level, you gain immunity to fire.",
Call Fire (Su),"As a standard action, you can stretch out your hand toward any visible fire source within 60 feet and beckon it toward you. This causes a ribbon-thin streak of fire to approach you in a straight line through the air. Any creature directly in the fire ribbon's path takes 1d4 points of fire damage; a successful Reflex save (DC = 10 + 1/2 your cleric level + your Wisdom modifier) negates this damage. When the ribbon of fire reaches your hand, it either extinguishes or lights a flammable object of your choice that you're holding. You can use this ability a number of times per day equal to 3 + your Wisdom modifier.",
Wall of Ashes (Su),"At 8th level, you can create a wall of swirling ashes anywhere within 100 feet. This wall is up to 20 feet high and up to 10 feet long per cleric level you possess. The wall of ash blocks line of sight, and any creature passing through it must make a Fortitude save or be blinded for 1d4 rounds. The wall of ash reveals invisible creatures that are inside it or adjacent to it, although they become invisible again if they move away from the wall. You can use this ability for a number of minutes per day equal to your cleric level, but these minutes do not need to be consecutive.",
Cloud of Smoke (Su),"As a standard action, you can create a 5-foot-radius cloud of smoke. This power has a range of 30 feet. Creatures inside the cloud take a –2 penalty on attack rolls and Perception skill checks for as long as they remain inside and for 1 round after exiting the cloud. Creatures inside the cloud gain concealment from attacks made by opponents that are not adjacent to them. You can use this ability a number of times per day equal to 3 + your Wisdom modifier.",
Touch of Glory (Sp),"You can cause your hand to shimmer with divine radiance, allowing you to touch a creature as a standard action and give it a bonus equal to your cleric level on a single Charisma-based skill check or Charisma ability check. This ability lasts for 1 hour or until the creature touched elects to apply the bonus to a roll. You can use this ability to grant the bonus a number of times per day equal to 3 + your Wisdom modifier.",
Divine Presence (Su),"At 8th level, you can emit a 30-foot aura of divine presence for a number of rounds per day equal to your cleric level. All allies within this aura are treated as if under the effects of a sanctuary spell with a DC equal to 10 + 1/2 your cleric level + your Wisdom modifier. These rounds do not need to be consecutive. Activating this ability is a standard action. If an ally leaves the area or makes an attack, the effect ends for that ally. If you make an attack, the effect ends for you and your allies.",
Aura of Heroism (Su),"At 8th level, you can emit a 30-foot aura of heroism for a number of rounds per day equal to your cleric level. Using this ability is a swift action. Allies in the area are treated as if they were under the effects of heroism. These rounds do not need to be consecutive.",
Honor Bound (Su),"With a touch, you can remind a creature of its duties and responsibilities, granting it a new saving throw against each enchantment (charm) or enchantment (compulsion) effect that currently affects it. If the saving throw is successful, the enchantment effect is ended. This power only affects effects that allow a save. If you fail a save against such an effect, you can use this ability as an immediate action to grant yourself an additional save. Once the target (either you or a touched creature) has made one additional save per effect, this ability has no further effect on that particular enchantment effect. You can use this ability a number of times per day equal to 3 + your Wisdom modifier.",
Touch of Good (Sp),"You can touch a creature as a standard action, granting a sacred bonus on attack rolls, skill checks, ability checks, and saving throws equal to half your cleric level (minimum 1) for 1 round. You can use this ability a number of times per day equal to 3 + your Wisdom modifier.",
Holy Lance (Su),"At 8th level, you can give a weapon you touch the holy special weapon quality for a number of rounds equal to 1/2 your cleric level. You can use this ability once per day at 8th level, and an additional time per day for every four levels beyond 8th.",
Protective Aura (Su),"At 8th level, you can emit a 30-foot protective aura as a standard action. Allies in this aura receive a +2 deflection bonus to AC and a +2 resistance bonus on all saving throws. In addition, allies in the area gain the benefits of protection from evil (although the AC bonus and saving throw bonus do not stack with those granted by this effect). You can use this ability for a number of rounds per day equal to your cleric level. These rounds do not have to be consecutive.",
Aura of Menace (Su),"At 8th level, you can emit a 30-foot aura of menace as a standard action. Enemies in this aura take a –2 penalty to AC and on attacks and saves as long as they remain inside the aura. You can use this ability for a number of rounds per day equal to your cleric level. These rounds do not need to be consecutive.",
Elysium’s Call (Su),"With a touch, you can imbue creatures with the spirit of Elysium, lifting their spirits and freeing them from bonds. The creatures touched can immediately reroll any failed saving throws against spells and spell-like abilities of the enchantment (charm) and enchantment (compulsion) subschools. In addition, targets receive a +2 sacred bonus on such saving throws and a +2 sacred bonus on CMB checks to escape a grapple. Finally, targets can ignore up to 5 feet of difficult terrain each round, as if they had the Nimble Moves feat. These bonuses last for a number of rounds equal to 1/2 your cleric level (minimum 1), although the saving throw reroll only applies when the creature is touched. You can use this ability for a number of rounds per day equal to 3 + your Wisdom modifier.",
Powerful Bond (Su),"As a free action, you can open a link to communicate telepathically with a single ally within 60 feet. The telepathic link is two-way and lasts for 1 minute. Unlike normal telepathy, this ability requires a shared language. You can use this ability a number of times per day equal to 3 + your Wisdom modifier.",
Aura of Sanctification (Su)," At 8th level, as an immediate action, you can emit a 30-foot-radius aura of sanctification for a number of rounds per day equal to your cleric level. These rounds do not need to be consecutive. Within this aura, effects that are specifically harmful to good-aligned creatures are inverted so that they no longer harm good creatures and instead harm evil creatures. Similarly, effects that are specifically beneficial to evil creatures instead become beneficial only to good creatures.",
Rebuke Death (Sp),"You can touch a living creature as a standard action, healing it for 1d4 points of damage plus 1 for every two cleric levels you possess. You can only use this ability on a creature that is below 0 hit points. You can use this ability a number of times per day equal to 3 + your Wisdom modifier.",
Healer's Blessing (Su),"At 6th level, all of your cure spells are treated as if they were empowered, increasing the amount of damage healed by half (+50%). This does not apply to damage dealt to undead with a cure spell. This does not stack with the Empower Spell metamagic feat.",
Restorative Touch (Su),"You can touch a creature, letting the healing power of your deity flow through you to relieve the creature of a minor condition. Your touch can remove the dazed, fatigued, shaken, sickened, or staggered condition. You choose which condition is removed. You can use this ability a number of times per day equal to 3 + your Wisdom modifier.",
Gift of Life (Su),"At 8th level, you can touch a creature that has died within the past minute to grant it a few moments of life. The dead creature returns to life for a number of rounds equal to your cleric level. Creatures returned to life in this way have a number of hit points equal to half your cleric level, and continue to be affected by any still-active spells, conditions, or afflictions present at the time of their death. At the end of this time, the creature dies again. The creature is free to act as it sees fit during this time. You are granted no control over it.",
Lore Keeper (Sp),"You can touch a creature to learn about its abilities and weaknesses. With a successful touch attack, you gain information as if you made the appropriate Knowledge skill check with a result equal to 15 + your cleric level + your Wisdom modifier.",
Remote Viewing (Sp),"Starting at 6th level, you can use clairvoyance/clairaudience at will as a spell-like ability using your cleric level as the caster level. You can use this ability for a number of rounds per day equal to your cleric level. These rounds do not need to be consecutive.",
Void Form (Su),"At 6th level, you can become semi-tangible as a standard action. While in this form, you are immune to critical hits and gain a +1 deflection bonus to AC. This bonus increases by 1 at 8th level and every 4 levels thereafter. You can use this power a number of rounds per day equal to your cleric level. These rounds need not be consecutive.",
Teaching Moment (Su),"At 8th level, when you or an ally within 30 feet rolls a natural 1 or a natural 20 on an attack roll, an ability check, a skill check, or a saving throw, as an immediate action you can grant all allies within 30 feet special insights that help them overcome similar challenges. Once during the next minute, each affected creature can choose to roll twice and take the better result before attempting an attack roll, ability check, skill check, or saving throw. You can use this ability once per day at 8th level, and one additional time per day for every 4 cleric levels beyond 8th.",
Deep Cover (Su),"When you prepare your spells, you can also choose one cover identity—whether that of a real person or a fictitious one. You can assume the disguise of your cover identity in half the normal amount of time. When targeted by a spell or effect that would compromise your chosen disguise (such as detect evil, detect thoughts, or zone of truth), as an immediate action you can force the creature using the ability to attempt a Will save (DC = 10 + 1/2 your cleric level + your Wisdom modifier). If the creature fails, it gains false information in keeping with your cover identity. You can use this false information ability a number of times per day equal to 3 + your Wisdom modifier.",
Recall (Su),"With a touch, you can cause a creature to recall some bit of forgotten lore or information. The creature can retry any Knowledge skill check it has made within the past minute, gaining a insight bonus on the check equal to your Wisdom modifier. You can use this ability a number times per day equal to 3 + your Wisdom modifier.",
Read Minds (Su),"At 8th level, you can broaden your mental spectrum to encompass those around you. Doing so allows you to read the mind of every creature within 30 feet as if you had cast detect thoughts. This ability allows you to read the surface thoughts of any creature that you are aware of after only 1 round of concentration. Creatures in this area are allowed a Will save to negate the effect. The DC of this Will save is 10 + 1/2 your cleric level + your Wisdom modifier. You can use this ability for a number of rounds per day equal to your cleric level. These rounds do not need to be consecutive.",
Touch of Law (Sp),"You can touch a willing creature as a standard action, infusing it with the power of divine order and allowing it to treat all attack rolls, skill checks, ability checks, and saving throws for 1 round as if the natural d20 roll resulted in an 11. You can use this ability a number of times per day equal to 3 + your Wisdom modifier.",
Staff of Order (Su)," At 8th level, you can give a weapon touched the axiomatic special weapon quality for a number of rounds equal to 1/2 your cleric level. You can use this ability once per day at 8th level, and an additional time per day for every four levels beyond 8th.",
Aura of Menace (Su),"t 8th level, you can emit a 30-foot aura of menace as a standard action. Enemies in this aura take a –2 penalty to AC and on attacks and saves as long as they remain inside the aura. You can use this ability for a number of rounds per day equal to your cleric level. These rounds do not need to be consecutive.",
Hell’s Corruption (Su),"You can cause a creature to become more susceptible to corruption as a melee touch attack. Creatures touched take a –2 penalty on all saving throws and must roll all opposed skill checks twice, taking the worse result. This effect lasts for a number of rounds equal to 1/2 your cleric level (minimum 1). You can use this ability for a number of times per day equal to 3 + your Wisdom modifier.",
Command (Su),"As a standard action, you can give a creature an emotionless yet undeniable order, as per the spell command. A Will save negates this effect. You cannot target a creature more than once per day with this ability. You can use this ability a number of times per day equal to 3 + your Wisdom modifier.",
Chastisement (Su),"As a standard action, you can cast a strengthened spell against a creature that damaged you since your last turn. This spell must target the creature that damaged you, and is cast at +1 caster level. Area of effect spells cannot be used in conjunction with this ability, but other spells that target multiple creatures may be. You can use this ability a number of times per day equal to 3 + your Wisdom modifier.",
Pain Is Power (Su),"At 8th level, after taking damage from any source, you may attempt a DC 25 concentration check as an immediate action. If you succeed, you gain the benefits of a blessing of fervor spell for a number of rounds equal to 1/2 your cleric level. If you fail, this ability is expended with no effect. You can use this ability once at 8th level, plus an additional time for every 4 levels you are beyond 8th.",
Prohibition (Su),"As a standard action, you can command a creature within 30 feet to refrain from committing a particular action (including any referenced in the spell forbid action). If the creature performs the named action before the beginning of your next turn, it takes 1d6 points of damage + 1 point for every 2 cleric levels you possess and the effect ends. This is a language-dependent effect. You can use this ability a number of times per day equal to 3 + your Wisdom modifier.If you have the spell rune domain power, you can attach a spell effect to the prohibition as if it were the spell rune domain ability; the spell takes effect if the creature performs the named action. This spell must be of at least 1 level lower than the highest-level cleric spell you can cast, and it must target one or more creatures. Regardless of the number of targets the spell can normally affect, it affects only the creature that triggers the rune.
Touch of Loyalty (Su),"As a standard action, you can touch a willing creature, granting it a +4 sacred bonus on saving throws to resist charm, compulsion, and fear effects for 1 hour. You can use this ability a number of times per day equal to 3 + your Wisdom modifier.",
Master's Yoke (Su),"At 8th level, you can attempt to assert your dominance over any visible creature within 30 feet by declaring the target your property. The target can resist this effect with a successful Will save (DC = 10 + 1/2 your cleric level + your Wisdom modifier). If the target fails the save, it is affected as if by dominate monster for a number of rounds equal to 1/2 your cleric level, save that the target can choose to ignore any order you give and instead take 2 points of Constitution damage and become staggered for 1 round. You can use this ability once per day at 8th level, and an additional time per day for every 4 levels beyond 8th. This is a language-based mind-affecting effect.",
Tyrannical Strike (Su),"At 8th level, as an immediate action upon successfully hitting an opponent with a melee attack, you can choose to forgo the damage (but not any other effects of the attack) to instead affect the creature you hit as a greater command spell, with a caster level equal to your cleric level. You can use this ability once per day at 8th level, and an additional time per day for every 4 levels beyond 8th.",
Liberation (Su),"You have the ability to ignore impediments to your mobility. For a number of rounds per day equal to your cleric level, you can move normally regardless of magical effects that impede movement, as if you were affected by freedom of movement. This effect occurs automatically as soon as it applies. These rounds do not need to be consecutive.",
Freedom's Call (Su),"At 8th level, you can emit a 30-foot aura of freedom for a number of rounds per day equal to your cleric level. Allies within this aura are not affected by the confused, grappled, frightened, panicked, paralyzed, pinned, or shaken conditions. This aura only suppresses these effects, and they return once a creature leaves the aura or when the aura ends, if applicable. These rounds do not need to be consecutive.",
Liberty’s Blessing (Sp),"You touch a willing creature as a standard action, granting it a boon. A creature with this boon can, as a swift action, make a saving throw against a single spell or effect it is suffering from that grants a save. The DC of the saving throw is equal to the original DC of the spell or effect. If the saving throw is successful, the effect ends. This boon lasts for 1 minute or until successfully used to remove a spell or effect, whichever duration is shorter. You can use this ability for a number of times equal to 3 + your Wisdom modifier.",
Powerful Persuader (Su),"At 8th level, when you make a Diplomacy or Intimidate check, you can roll twice and take the higher result. Using this ability is a free action. You can use this ability once per day at 8th level, plus one additional time per day for every 2 levels beyond 8th.",
Bit of Luck (Sp),"You can touch a willing creature as a standard action, giving it a bit of luck. For the next round, any time the target rolls a d20, he may roll twice and take the more favorable result. You can use this ability a number of times per day equal to 3 + your Wisdom modifier.",
Good Fortune (Ex),"At 6th level, as an immediate action, you can reroll any one d20 roll you have just made before the results of the roll are revealed. You must take the result of the reroll, even if it's worse than the original roll. You can use this ability once per day at 6th level, and one additional time per day for every six cleric levels beyond 6th.",
Malign Eye (Su),"As a standard action, you can afflict one target within 30 feet with your malign eye, causing it to take a –2 penalty on all saving throws against your spells. The effect lasts for 1 minute or until the target hits you with an attack. You can use this ability for a number of times per day equal to 3 + your Wisdom modifier.",
Tugging Strands (Su),"At 8th level, you can force a creature within line of sight to reroll any one roll that it has just made before the result of the roll is revealed. The result of the reroll must be taken, even if it is worse than the original roll. You can use this ability once per day at 8th level, and one additional time per day for every 6 levels beyond 8th.",
Haze of Daydreams (Su),"At 6th level, you can emit a 15-foot-radius haze of daydreams for a number of rounds per day equal to your cleric level. These rounds do not need to be consecutive. Creatures within the haze gain the fascinated condition unless they succeed at a Will save (DC equal to 10 + 1/2 your cleric level + your Wisdom modifier). You may designate a number of creatures equal to your cleric level that are not affected by the haze. The fascinated condition ends immediately when the creatures leave the area or the aura expires.",
Vision of Madness (Sp),"You can give a creature a vision of madness as a melee touch attack. Choose one of the following: attack rolls, saving throws, or skill checks. The target receives a bonus to the chosen rolls equal to ½ your cleric level (minimum +1) and a penalty to the other two types of rolls equal to ½ your cleric level (minimum –1). This effect fades after 3 rounds. You can use this ability a number of times per day equal to 3 + your Wisdom modifier.",
Aura of Madness (Su),"At 8th level, you can emit a 30-foot aura of madness for a number of rounds per day equal to your cleric level. Enemies within this aura are affected by confusion unless they make a Will save with a DC equal to 10 + ½ your Cleric level + your Wisdom modifier. The confusion effect ends immediately when the creature leaves the area or the aura expires. Creatures that succeed on their saving throw are immune to this aura for 24 hours. These rounds do not need to be consecutive.",
Insane Focus (Su),"You can touch a willing creature as a standard action, granting it a +4 bonus on all saving throws made against mind-affecting effects and immunity to confusion. This bonus lasts for 1 minute. If the creature fails a saving throw against a mind-affecting effect during this period, it loses its immunity to confusion and is immediately confused for one round. You can use this ability a number of times per day equal to 3 + your Wisdom modifier.",
Fearful Touch (Su),"As a standard action, you can make a melee touch attack against a creature, causing it to experience terrible hallucinations for 1 round. During this time, the creature loses any immunity to fear effects it might possess and takes a –2 penalty on attack rolls made against you. In addition, the creature takes a penalty on Will saves made against fear effects equal to 1/2 your cleric level (minimum –1). This power is a mind-affecting effect. You can use this ability for a number of times per day equal to 3 + your Wisdom modifier.",
Hand of the Acolyte (Su),"You can cause your melee weapon to fly from your grasp and strike a foe before instantly returning. As a standard action, you can make a single attack using a melee weapon at a range of 30 feet. This attack is treated as a ranged attack with a thrown weapon, except that you add your Wisdom modifier to the attack roll instead of your Dexterity modifier (damage still relies on Strength). This ability cannot be used to perform a combat maneuver. You can use this ability a number of times per day equal to 3 + your Wisdom modifier.",
Dispelling Touch (Sp),"At 8th level, you can use a targeted dispel magic effect as a melee touch attack. You can use this ability once per day at 8th level and one additional time per day for every four cleric levels beyond 8th.",
Arcane Beacon (Su),"As a standard action you can become a beacon of arcane energy until the end of your next turn. The aura emanates 15 feet from you. All arcane spells cast within the aura either gain a +1 bonus to their caster level or increase their saving throw DC by +1. The caster chooses the benefit when she casts the spell. You can use this ability for a number of times per day equal to 3 + your Wisdom modifier.",
Divine Vessel (Su),"Whenever you are the target of a divine spell, you can, as a swift action, grant each ally within 15 feet of you a divine boon. This boon grants a +2 bonus on the next attack roll, skill check, or ability check made before the end of their next turn. You can use this ability a number of times per day equal to 3 + your Wisdom modifier.",
Inspiring Word (Sp),"As a standard action, you can speak an inspiring word to a creature within 30 feet. That creature receives a +2 morale bonus on attack rolls, skill checks, ability checks, and saving throws for a number of rounds equal to 1/2 your cleric level (minimum 1). You can use this power a number of times per day equal to 3 + your Wisdom modifier.",
Leadership (Ex),"At 8th level, you receive Leadership as a bonus feat. In addition, you gain a +2 bonus on your leadership score as long as you uphold the tenets of your deity (or divine concept if you do not venerate a deity).",
Noble Visage (Su),"You gain a +1 bonus on Charisma checks and Charisma-based skill checks against creatures that share your creature type (and subtype, if you are a humanoid). This bonus increases by 1 for every 5 levels you possess.As a standard action, you can touch an ally to grant her your noble visage bonus against creatures that share her creature type (or subtype) for 1 minute. When you use this ability, you lose your noble visage bonus for 1 minute. You can use this ability a number of times per day equal to 3 + your Wisdom modifier.",
Inspiring Command (Su),"As a standard action, you can issue an inspiring command to your allies. The inspiring command affects one ally plus one additional ally for every three cleric levels you possess, who must all be within 30 feet of you. Affected allies gain a +2 insight bonus on attack rolls, AC, combat maneuver defense, and skill checks for 1 round. This is a language-dependent mind-affecting effect.",
Sacrificial Bond (Su),"At 8th level, when an ally within 30 feet takes damage from an attack, you can, as an immediate action, transfer this damage to yourself. This power also transfers any effects that accompany the damage. The damage done to you cannot be reduced in any way. You can use this ability once per day at 8th level, plus on additional time per day at 14th level and 20th level.",
Wooden Fist (Su),"As a free action, your hands can become as hard as wood, covered in tiny thorns. While you have wooden fists, your unarmed strikes do not provoke attacks of opportunity, deal lethal damage, and gain a bonus on damage rolls equal to 1/2 your cleric level (minimum +1). You can use this ability for a number of rounds per day equal to 3 + your Wisdom modifier. These rounds do not need to be consecutive.",
Bramble Armor (Su)," At 6th level, you can cause a host of wooden thorns to burst from your skin as a free action. While bramble armor is in effect, any foe striking you with an unarmed strike or a melee weapon without reach takes 1d6 points of piercing damage + 1 point per two cleric levels you possess. You can use this ability for a number of rounds per day equal to your cleric level. These rounds do not need to be consecutive.",
Aura of Decay (Su),"At 8th level, you can emit a 30-foot aura of decay as a standard action. Living creatures in this aura (except you) take 1d6 points of damage per round as their flesh rots. They also take a cumulative –1 penalty to Strength each round they remain in the aura. Once outside the aura, the penalty fades at the rate of –1 per round, but it begins building again if they reenter the aura. Plant creatures take 2d6 points of damage per round. You can use this ability for a number of rounds per day equal to your cleric level. These rounds do not need to be consecutive.",
Enlarge (Su),"As a swift action you can enlarge yourself for 1 round, as if you were the target of the enlarge person spell. You can use this ability a number of times per day equal to 3 + your Wisdom modifier.",
Resistant Touch (Sp),"As a standard action, you can touch an ally to grant him your resistance bonus for 1 minute. When you use this ability, you lose your resistance bonus granted by the Protection domain for 1 minute. You can use this ability a number of times per day equal to 3 + your Wisdom modifier.",
Aura of Protection (Su),"At 8th level, you can emit a 30-foot aura of protection for a number of rounds per day equal to your cleric level. You and your allies within this aura gain a +1 deflection bonus to AC and resistance 5 against all elements (acid, cold, electricity, fire, and sonic). The deflection bonus increases by +1 for every four cleric levels you possess beyond 8th. At 14th level, the resistance against all elements increases to 10. These rounds do not need to be consecutive.",
Deflection Aura (Su),"Once each day, you can emit a 20- foot aura for a number of rounds equal to your cleric level. Allies within the aura gain a +2 deflection bonus to AC and combat maneuver defense.",
Sheltering Walls (Sp),"As a standard action, you can touch an ally to summon a floating blockade of stone, granting the ally the benefits of partial cover for 1 round plus 1 round for every 6 cleric levels you possess. This ability does not grant the ally enough cover to attempt a Stealth check or avoid provoking attacks of opportunity. If the ally benefits from any other form of cover against an attack, the bonuses to AC and on Reflex saving throws increase by 1. You can use this power a number of times per day equal to 3 + your Wisdom modifier.",
Purifying Touch (Su),"At 8th level, you can touch a willing creature with divine power, giving it a saving throw against each effect currently affecting it, using the original saving throw DC of the effect. Each successful saving throw ends the related effect. The creature can choose not to make a save against an effect. You can use this ability once per day at 8th level, plus one additional time per day at 14th and 20th level.",
Taboo (Su),"When a creature touches you or strikes you with a melee attack, you can activate this power as an immediate action. That creature takes a –1 penalty on saving throws for 1 minute. This penalty increases by 1 for every 5 levels you possess. When you use this ability, you lose your resistance bonus granted by the Protection domain for 1 minute. You can use this ability a number of times per day equal to 3 + your Wisdom modifier.",
Gentle Rest (Sp),"Your touch can fill a creature with lethargy, causing a living creature to become staggered for 1 round as a melee touch attack. If you touch a staggered living creature, that creature falls asleep for 1 round instead. Undead creatures touched are staggered for a number of rounds equal to your Wisdom modifier. You can use this ability a number of times per day equal to 3 + your Wisdom modifier.",
Ward Against Death (Su),"At 8th level, you can emit a 30-foot aura that wards against death for a number of rounds per day equal to your cleric level. Living creatures in this area are immune to all death effects, energy drain, and effects that cause negative levels. This ward does not remove negative levels that a creature has already gained, but the negative levels have no effect while the creature is inside the warded area. These rounds do not need to be consecutive.",
Speak With Dead (Su),"At 8th level, as a standard action, you can ask one question of a dead creature as if using speak with dead. The dead creature you are questioning does not gain a Will saving throw if your alignments are different. You can use this ability for a number of times per day equal to your cleric level.",
Spirit Touch (Su),"At 6th level, as a swift action, you can give your natural weapons or any weapons you wield the ghost touch weapon special ability. You can use this power a number of rounds per day equal to your cleric level. These rounds need not be consecutive.",
Touch the Spirit World (Su),"With a touch, you can empower a weapon to affect incorporeal creatures. The weapon touched deals half damage to incorporeal creatures, or full damage if it is a magic weapon. This benefit lasts for a number of rounds equal to your cleric level. You can use this ability a number of times per day equal to 3 + your Wisdom modifier.",
Ruin Touch (Su),"You can strengthen or weaken objects with your touch. With a melee touch attack, you can increase or decrease the hardness of an object (up to a 10-foot cube) or construct by an amount equal to half your druid level (minimum 1) for 1 minute. You cannot reduce an object's hardness below 0, and the same target cannot be affected by this ability more than once. You can use this ability a number of times per day equal to 3 + your Wisdom modifier.",
Remembrance (Sp),"At 4th level, when within a ruin or other structure that is no longer claimed by civilization, you can call upon the wisdom of the land and its long-dead residents. Once per day for every 4 druid levels you possess, you can cast divination as a spell-like ability. Additionally, if you are within ruins when you cast commune with nature, you gain information about the crumbling structures around you as though they were part of nature.",
Surefooted (Ex),"At 8th level, your speed is not reduced by difficult terrain unless the terrain has been magically manipulated to impede motion.",
Blast Rune (Sp),"As a standard action, you can create a blast rune in any adjacent square. Any creature entering this square takes 1d6 points of damage + 1 point for every two cleric levels you possess. This rune deals either acid, cold, electricity, or fire damage, decided when you create the rune. The rune is invisible and lasts a number of rounds equal to your cleric level or until discharged. You cannot create a blast rune in a square occupied by another creature. This rune counts as a 1st-level spell for the purposes of dispelling. It can be discovered with a DC 26 Perception skill check and disarmed with a DC 26 Disable Device skill check. You can use this ability a number of times per day equal to 3 + your Wisdom modifier.",
Spell Rune (Sp),"At 8th level, you can attach another spell that you cast to one of your blast runes, causing that spell to affect the creature that triggers the rune, in addition to the damage. This spell must be of at least one level lower than the highest-level cleric spell you can cast and it must target one or more creatures. Regardless of the number of targets the spell can normally affect, it only affects the creature that triggers the rune.",
Rune Shift (Su),"At 6th level, as a swift action, you can change the location of one of your blast runes. The rune must be within 30 feet. You can place the blast rune in any square adjacent to you, including one occupied by another creature.",
Prohibition (Su),"As a standard action, you can command a creature within 30 feet to refrain from committing a particular action (including any referenced in the spell forbid action). If the creature performs the named action before the beginning of your next turn, it takes 1d6 points of damage + 1 point for every 2 cleric levels you possess and the effect ends. This is a language-dependent effect. You can use this ability a number of times per day equal to 3 + your Wisdom modifier. If you have the spell rune domain power, you can attach a spell effect to the prohibition as if it were the spell rune domain ability; the spell takes effect if the creature performs the named action. This spell must be of at least 1 level lower than the highest-level cleric spell you can cast, and it must target one or more creatures. Regardless of the number of targets the spell can normally affect, it affects only the creature that triggers the rune. Attaching a spell in this way extends the duration of the prohibition by a number of rounds equal to the spell's level, or until it is discharged.",
Warding Rune (Su),At 6th level, when a creature is damaged by your blast rune, it cannot attack you for a number of rounds equal to 1/2 your cleric level unless it succeeds at a Will save, as per the spell sanctuary. Using this ability is an immediate action when a creature triggers one of your blast runes. The ability does not prevent you from being attacked or affected by area of effect spells or abilities. You can use this ability once per day at 8th level, plus one additional time per day at 14th level and 20th level.",
Venomous Stare (Sp),"You are a true lord of reptiles, able to induce pain, panic, and confusion with a mere glance, and your mesmerizing eyes can even drive weak creatures into unconsciousness. As a standard action, you can activate a gaze attack with a 30-foot range. This is an active gaze attack that can target a single creature within range. The target must make a Will save (DC = 10 + 1/2 your cleric level + your Wisdom modifier). Those who fail take 1d6 points of nonlethal damage + 1 point for every two cleric levels you possess and are fascinated until the beginning of your next turn. You can use this ability a number of times per day equal to 3 + your Wisdom modifier. This is a mind-affecting effect.",
Serpent Companion (Ex),"At 4th level, you gain the service of an animal companion. Your effective druid level for this animal companion is equal to your cleric level –2. You may choose either a viper or a constrictor snake as your companion.",
Dragonbreath (Su),"At 4th level, you may use a breath weapon once per day as a standard action. When you gain this ability, choose acid, cold, fire, or electricity—this determines what kind of damage your breath weapon deals. Once you make this choice, you cannot change it later. Your breath weapon fills a 15-foot cone, and deals 3d6 points of damage—this damage increases by 1d6 points at every even-numbered level you gain beyond 4th level. A creature hit by your dragonbreath attack can attempt a Reflex save (DC 10 + 1/2 your cleric level + your Wisdom modifier) to take half damage. At 9th level, you can use this ability two times per day, and at 1 4th level you can use it three times per day.",
Dinosaur Companion (Ex),"At 4th level, you gain the service of a loyal animal companion. Your effective druid level for this animal companion is equal to your cleric level – 2. You may only choose a dinosaur as your companion.",
Venomous Saliva (Su),"As a swift action, you can spit a gout of life-stealing venom onto a weapon you are wielding. The poison lasts for 1 minute or until you make an attack that injures a foe with that weapon. Life-Stealing Venom: Injury; save Fort DC 10 + 1/2 your cleric level + your Wisdom modifier; frequency 1/round for 3 rounds; effect 1 Con damage; cure 1 save. You can use the venomous saliva ability a number of times per day equal to 3 + your Wisdom modifier.",
Strength Surge (Sp),"As a standard action, you can touch a creature to give it great strength. For 1 round, the target gains an enhancement bonus equal to 1/2 your cleric level (minimum +1) to melee attacks, combat maneuver checks that rely on Strength, Strength-based skills, and Strength checks. You can use this ability a number of times per day equal to 3 + your Wisdom modifier.",
Might of the Gods (Su),"At 8th level, you can add your cleric level as an enhancement bonus to your Strength score for a number of rounds per day equal to your cleric level. This bonus only applies on Strength checks and Strength-based skill checks. These rounds do not need to be consecutive.",
Athletic Exploit (Su),"As a swift action, you gain the ability to overcome physical obstacles with ease. Until the beginning of your next turn, you halve your armor check penalty when attempting Acrobatics, Climb, Escape Artist, and Swim skill checks, and you gain a bonus equal to 1/2 your cleric level (minimum +1) on such skill checks.",
Ferocious Strike (Su),"Whenever you make a melee attack, you can designate that attack as a ferocious strike. If the attack hits, it deals additional damage equal to 1/2 your cleric level (minimum +1). You can use this ability a number of times per day equal to 3 + your Wisdom modifier.",
Wooden Fist (Su),"This ability acts as the Plant domain power of the same name.",
Bestow Resolve (Su),"At 8th level, you can bless creatures with the boldness of your deity. You can bestow a number of temporary hit points equal to your level + your Wisdom modifier to all allies within 20 feet. The temporary hit points remain for 1 minute. You can use this ability once per day at 8th level, plus one additional time per day for every 4 levels you possess beyond 8th.",
Sun's Blessing (Su),"Whenever you channel positive energy to harm undead creatures, add your cleric level to the damage dealt. Undead do not add their channel resistance to their saves when you channel positive energy.",
Nimbus of Light (Su),"At 8th level, you can emit a 30-foot nimbus of light for a number of rounds per day equal to your cleric level. This acts as a daylight spell. In addition, undead within this radius take an amount of damage equal to your cleric level each round that they remain inside the nimbus. Spells and spell-like abilities with the darkness descriptor are automatically dispelled if brought inside this nimbus. These rounds do not need to be consecutive.",
Day’s Resurgence (Su),"At 8th level, you can restore a single creature as if it had just completed 8 hours of rest. It takes 10 minutes to use this power. If the use of this power is disrupted, it must be restarted, but it is not lost. At the end of the 10 minutes, a single willing creature that you have touched regains hit points as if it had rested for the night and may make new saving throws against effects that require a save once per day. The target does not suffer any negative effects if such saving throws are failed, but success counts toward removing the affliction (if possible). This ability does not allow a target to prepare spells an additional time per day. You can use this ability once per day at 8th level, plus one additional time per day for every 2 levels beyond 8th.",
Blinding Flash (Su),"As a standard action, you can emit a flash of light from your holy symbol or divine focus. The most powerful light emanates out 20 feet from you. Creatures with fewer Hit Dice than your cleric level within this area are blinded for 1d4 rounds unless they succeed at a Fortitude save. All creatures in this area are dazzled for a number of rounds equal to 1/2 your cleric level (minimum 1). You can use this ability a number of times per day equal to 3 + your Wisdom modifier",
Guided Eyes (Su),"Perception is always a class skill for you. In addition, whenever you make a skill check to see through a disguise or find something that is hidden or concealed, you gain a +4 sacred bonus on the check.",
Agile Feet (Su),"As a free action, you can gain increased mobility for 1 round. For the next round, you ignore all difficult terrain and do not take any penalties for moving through it. You can use this ability a number of times per day equal to 3 + your Wisdom modifier.",
Dimensional Hop (Sp),"At 8th level, you can teleport up to 10 feet per cleric level per day as a move action. This teleportation must be used in 5-foot increments and such movement does not provoke attacks of opportunity. You must have line of sight to your destination to use this ability. You can bring other willing creatures with you, but you must expend an equal amount of distance for each creature brought.",
Door Sight (Su),"You can lay your hand upon any surface and see what is on the other side, as if using clairvoyance. Using this power takes 1 minute, during which time you must be touching the surface you want to see through. You can keep looking for as long as 10 minutes with each use of this power, but must touch the surface and take no other action the entire time. The surface cannot be thicker than 6 inches plus 1 inch per cleric level you possess. You can use this power a number of times per day equal to 3 + your Wisdom modifier.",
Silver-Tongued Haggler (Su),"Whenever you make a Bluff, Diplomacy, or Sense Motive check, you can, as a free action, grant yourself a bonus on the roll equal to 1/2 your cleric level (minimum +1). You can use this ability a number of times per day equal to 3 + your Wisdom modifier.",
Copycat (Sp),"You can create an illusory double of yourself as a move action. This double functions as a single Mirror Image and lasts for a number of rounds equal to your cleric level, or until the illusory duplicate is dispelled or destroyed. You can have no more than one copycat at a time. This ability does not stack with the Mirror Image spell. You can use this ability a number of times per day equal to 3 + your Wisdom modifier.",
Master's Illusion (Sp),"At 8th level, you can create an illusion that hides the appearance of yourself and any number of allies within 30 feet for 1 round per cleric level. This ability otherwise functions like the spell veil. The save DC to disbelieve this effect is equal to 10 + 1/2 your cleric level + your Wisdom modifier. The rounds do not need to be consecutive.",
Chameleon Aspect (Su),"As a swift action, you can subtly alter the color of your scales, blending them with the surrounding environment. While under the effect of this power, you gain concealment from creatures more than 10 feet away (attacks have a 20% miss chance), and total concealment from creatures more than 40 feet away (attacks have a 50% miss chance). You can use this ability a number of rounds per day equal to 3 + your Wisdom modifier.",
Sudden Shift (Sp),"In the blink of an eye, you can appear somewhere else. As an immediate action, after you are missed by a melee attack, you can teleport up to 10 feet to a space that you can see. This space must be inside the reach of the creature that attacked you. You can use this power a number of times each day equal to 3 + your Wisdom modifier.",
Deep Cover (Su),"When you prepare your spells, you can also choose one cover identity—whether that of a real person or a fictitious one. You can assume the disguise of your cover identity in half the normal amount of time. When targeted by a spell or effect that would compromise your chosen disguise (such as detect evil, detect thoughts, or zone of truth), as an immediate action you can force the creature using the ability to attempt a Will save (DC = 10 + 1/2 your cleric level + your Wisdom modifier). If the creature fails, it gains false information in keeping with your cover identity. You can use this false information ability a number of times per day equal to 3 + your Wisdom modifier.",
More for Me (Su),"When another character within 30 feet casts a spell with a range greater than touch, you can attempt a caster level check as an immediate action (DC = 15 + the spell's level). If you succeed at the check, you receive the spell's benefit instead of one of the spell's intended targets (chosen by you). If you are already a target of the spell, you are affected as though you were targeted by the same spell twice (which may or may not benefit you; remember that bonuses from the same source do not stack). This ability does not grant you knowledge of the spell being cast. You can use this ability a number of times per day equal to 3 + your Wisdom modifier.",
Fool's Privilege (Su),"You can use this power as a swift action when you fail a Bluff, Diplomacy, or Intimidate check outside of combat. You suffer no negative effects due to the failed check, and the next round you can attempt the check again without the usual penalty for a failed attempt.",
Thief of the Gods (Su),"At 8th level, when you make a Disable Device or Sleight of Hand check, you can roll twice and take the higher result. Using this ability is a free action. You can use this ability once per day at 8th level, plus one additional time per day for every 2 levels beyond 8th.",
Familiar,"You gain a greensting scorpion familiar. Your effective wizard level for this ability is equal to your druid level. Your druid level stacks with levels from other classes that grant familiars when determining the powers of your familiar.",
Vermin Friend (Ex),"You can use wild empathy to influence vermin as easily as you influence animals if you do not already possess this ability.",
Tremorsense (Ex),"At 6th level, you gain tremorsense 30 feet. At 12th level, you gain tremorsense 60 feet.",
Guarded Mind (Ex),"You gain a +2 insight bonus on saving throws against all mind-affecting effects.",
Part the Veil (Su),"At 8th level, you can lace spells you cast with the raw madness that waits in the outer darkness. Activating this ability is a swift action that you must use as you cast a spell that targets a single creature and that allows a Will saving throw to negate or reduce the spell's primary effect. If the target fails to resist the spell, the target is also confused for a number of rounds equal to the spell's level as visions of the void cause temporary insanity. The victim must succeed at a new saving throw each round to end the effect—these additional saving throws apply only to the additional confusion effect and not to the original spell effect. Part the veil is a mind-affecting effect. You can use this ability a number of times per day equal to 1/2 your class level.",
It Came from Beyond (Su),"Once per day, when you cast a summoning spell, any one creature you summon is more powerful than normal. The creature gains the advanced creature simple template. If you summon more than one creature with a spell, only one of the summoned creatures gains the advanced creature simple template. A summoned creature that gains the advanced creature simple template in this manner appears unnervingly deformed or unnaturally hideous, bringing with it a whiff of the emptiness of the void. This ability works only on spells you cast as a cleric—it does not work on spellcasting abilities gained from any other spellcasting classes you might have.",
Aura of Isolation (Su),"As a standard action, you can create a 20-foot aura that causes enemies within to be overcome with feelings of isolation and loss. Your enemies treat the aura as difficult terrain, as they become sluggish within its area of effect. Furthermore, while within the aura, your enemies cannot provide flanking, nor can they use or benefit from the aid another action. The aura lasts for a number of rounds equal to 3 + your Wisdom modifier, but the rounds need not be consecutive. This is a mind-affecting emotion effect.",
The Stars Are Right (Su),"If you prepare your cleric spells while the stars are visible to you, you may spontaneously cast any of your Stars subdomain spells by swapping out a spell of an equal spell level. Any Stars subdomain spell that you cast while the stars are visible to you heals you of an amount of hit point damage equal to the spell's level; this effect happens as you cast the spell.",
Battle Rage (Sp),"You can touch a creature as a standard action to give it a bonus on melee damage rolls equal to 1/2 your cleric level for 1 round (minimum +1). You can do so a number of times per day equal to 3 + your Wisdom modifier",
Weapon Master (Su),"At 8th level, as a swift action, you gain the use of one combat feat for a number of rounds per day equal to your cleric level. These rounds do not need to be consecutive and you can change the feat chosen each time you use this ability. You must meet the prerequisites to use this feat.",
Wounding Blade (Su),"At 8th level, you can give a weapon that you touch the wounding special weapon quality for a number of rounds equal to 1/2 your cleric level. You can use this ability once per day at 8th level, and an additional time per day for every four levels beyond 8th.",
Divine Challenge (Su),"As a swift action, you can challenge a visible foe within 30 feet, gaining a +1 sacred bonus to your AC against that creature's attacks and a bonus equal to 1/2 your cleric level on Bluff skill checks to feint against it. These bonuses last for a number of rounds equal to 1/2 your cleric level. You can use this ability a number of times per day equal to 3 + your Wisdom modifier.",
Seize the Initiative (Su),"Whenever you and your allies roll for initiative, you can grant one ally within 30 feet the ability to roll twice and take either result. This decision is made before results are revealed. You can use this ability a number of times per day equal to 3 + your Wisdom modifier.",
Icicle (Sp),"As a standard action, you can fire an icicle from your finger, targeting any foe within 30 feet as a ranged touch attack. The icicle deals 1d6 points of cold damage + 1 point for every two cleric levels you possess. You can use this ability a number of times per day equal to 3 + your Wisdom modifier.",
Cold Resistance (Ex),"At 6th level, you gain resist cold 10. This resistance increases to 20 at 12th level. At 20th level, you gain immunity to cold.",
Sift (Su),"At 6th level, once per day you can reach into water as a standard action and pull out an object with a maximum gp value of up to 50 gp × your cleric level. This object always has the broken condition upon being withdrawn from the water. The water you reach into must be at least deep enough to fully immerse yourself in it. At 12th level, objects you retrieve are not broken. At 20th level, you can retrieve objects worth up to 5,000 gp. If retrieving an object that would not normally float, assume it rests on top of or is entwined with debris that does float. Objects retrieved in this manner disappear after 24 hours, if not already used up or otherwise destroyed before then.",
Go with the Flow (Su),"You can touch a creature as a standard action to suppress its strong emotions. The target is affected as the calm emotions spell, except it can still take violent actions and violent actions against the target do not end the effect. This effect lasts a number of rounds equal to 1/2 your cleric level (minimum 1). You can use this ability a number times per day equal to 3 + your Wisdom modifier.",
Body of Ice (Su),"At 8th level, you can transmute your body and equipment to ice for a period of time. It takes a standard action to take on the form of ice, and you can end the transmutation with a free action on your turn. When you take on the form of ice, you are immune to cold and have DR 5/—, but you take twice the normal amount of damage from fire. You can take on the form of ice for a number of rounds per day equal to your cleric level. The rounds need not be consecutive.",
Surge (Su),"As a standard action, you can cause a mighty wave to appear that pushes or pulls a single creature. Make a combat maneuver check against the target, using your cleric level + your Wisdom modifier as your CMB. If successful, you may pull or push the creature as if using the bull rush or drag combat maneuver. You can use this ability a number of times per day equal to 3 + your Wisdom modifier.",
Current Flow (Su),"As a free action, you can increase either your land or swim speed by 10 feet. While swimming, you gain a bonus on Swim checks equal to your 1/2 your cleric level (minimum 1). These effects last for a number of rounds equal to your Wisdom modifier (minimum 1). You can use this ability a number of times per day equal to 3 + your Wisdom modifier.",
Storm Burst (Sp),"As a standard action, you can create a storm burst targeting any foe within 30 feet as a ranged touch attack. The storm burst deals 1d6 points of nonlethal damage + 1 point for every two cleric levels you possess. In addition, the target is buffeted by winds and rain, causing it to take a –2 penalty on attack rolls for 1 round. You can use this ability a number of times per day equal to 3 + your Wisdom modifier.",
Lightning Lord (Sp),"At 8th level, you can call down a number of bolts of lightning per day equal to your cleric level. You can call down as many bolts as you want with a single standard action, but no creature can be the target of more than one bolt and no two targets can be more than 30 feet apart. This ability otherwise functions as call lightning.".
Untouched by the Seasons (Su),"By touching a creature, you can grant it the benefits of endure elements, which last for 1 hour per cleric level. You can use this ability a number of times per day equal to 3 + your Wisdom modifier.",
Gale Aura (Su),"At 6th level, as a standard action, you can create a 30-foot aura of gale-like winds that slows the progress of enemies. Creatures in the aura cannot take a 5-foot step. Enemies in the aura treat each square that brings them closer to you as difficult terrain. They can move normally in any other direction. You can use this ability for a number of rounds per day equal to your cleric level. The rounds do not need to be consecutive.",
